r_meas,tr_x,tr_y,bl_x,bl_y
3.49997,0.148662,0.149916,-0.149665,-0.0999689
